indivA04_AGGCGT-matchMismatch.csv:ancestry,contig,start,end,par1_par2_diff,like_par1,like_par2
indivA04_AGGCGT-matchMismatch.csv:homozygous_par1,B,260982,19680509,195,186,9
indivA04_AGGCGT-matchMismatch.csv:homozygous_par1,C,11141077,22410470,119,118,0
indivA04_AGGCGT-matchMismatch.csv:homozygous_par1,D,14655656,26587592,140,132,7
indivA04_AGGCGT-matchMismatch.csv:homozygous_par1,E,4294452,22738297,238,232,6
indivA05_CTCGGT-matchMismatch.csv:ancestry,contig,start,end,par1_par2_diff,like_par1,like_par2
indivA05_CTCGGT-matchMismatch.csv:homozygous_par1,A,67597,10977718,124,111,13
indivA05_CTCGGT-matchMismatch.csv:homozygous_par1,B,30108,8306537,74,65,8
indivA05_CTCGGT-matchMismatch.csv:homozygous_par1,D,10248499,20715949,105,95,10
indivA05_CTCGGT-matchMismatch.csv:homozygous_par1,E,20155830,28517829,118,100,18
indivA06_ATTCTG-matchMismatch.csv:ancestry,contig,start,end,par1_par2_diff,like_par1,like_par2
indivA06_ATTCTG-matchMismatch.csv:homozygous_par1,A,23553,10471650,3074,2988,77
indivA06_ATTCTG-matchMismatch.csv:homozygous_par1,A,18931417,32013425,3629,3582,44
indivA06_ATTCTG-matchMismatch.csv:homozygous_par1,B,14147529,25131787,4254,4167,82
indivA06_ATTCTG-matchMismatch.csv:homozygous_par1,C,178276,2156546,551,536,15
indivA06_ATTCTG-matchMismatch.csv:homozygous_par1,C,6376796,15172381,3249,3198,47
indivA06_ATTCTG-matchMismatch.csv:homozygous_par1,D,68661,26710642,9114,8901,202
indivA06_ATTCTG-matchMismatch.csv:homozygous_par1,E,8166736,33703580,9386,9200,175
indivA06_ATTCTG-matchMismatch.csv:homozygous_par1,E,35568052,39656646,725,678,46
indivA07_TGAATT-matchMismatch.csv:ancestry,contig,start,end,par1_par2_diff,like_par1,like_par2
indivA07_TGAATT-matchMismatch.csv:homozygous_par1,A,4364,1200647,423,413,10
indivA07_TGAATT-matchMismatch.csv:homozygous_par1,A,14788799,32025727,8823,8668,143
indivA07_TGAATT-matchMismatch.csv:homozygous_par1,B,11751244,30354044,11403,11297,86
indivA07_TGAATT-matchMismatch.csv:homozygous_par1,C,178276,11903908,7177,7114,54
indivA07_TGAATT-matchMismatch.csv:homozygous_par1,C,22675186,24327250,936,932,2
indivA07_TGAATT-matchMismatch.csv:homozygous_par1,D,8064992,23558530,9678,9505,162
indivA07_TGAATT-matchMismatch.csv:homozygous_par1,D,23586200,24847922,845,840,5
indivA07_TGAATT-matchMismatch.csv:homozygous_par1,E,7818781,22363094,9011,8863,137
indivA07_TGAATT-matchMismatch.csv:homozygous_par1,F,175048,1506607,266,257,9
indivA08_TCTCTG-matchMismatch.csv:ancestry,contig,start,end,par1_par2_diff,like_par1,like_par2
indivA08_TCTCTG-matchMismatch.csv:homozygous_par1,A,2681637,10125358,4401,4364,33
indivA08_TCTCTG-matchMismatch.csv:homozygous_par1,A,15339381,19114041,2372,2344,23
indivA08_TCTCTG-matchMismatch.csv:homozygous_par1,B,4759098,9741433,3474,3441,30
indivA08_TCTCTG-matchMismatch.csv:homozygous_par1,B,15893033,26936459,8087,8028,49
indivA08_TCTCTG-matchMismatch.csv:homozygous_par1,C,178276,1127472,367,360,6
indivA08_TCTCTG-matchMismatch.csv:homozygous_par1,C,7810631,22635619,10313,10213,91
indivA08_TCTCTG-matchMismatch.csv:homozygous_par1,C,24346892,25980472,779,756,22
indivA08_TCTCTG-matchMismatch.csv:homozygous_par1,D,20145,7197125,4424,4368,47
indivA08_TCTCTG-matchMismatch.csv:homozygous_par1,D,22121884,26720464,2912,2843,66
indivA08_TCTCTG-matchMismatch.csv:homozygous_par1,E,369,5868981,3475,3432,41
indivA08_TCTCTG-matchMismatch.csv:homozygous_par1,E,12715870,21204107,5758,5713,40
indivA08_TCTCTG-matchMismatch.csv:homozygous_par1,E,33687628,35365086,108,87,21
indivA11_GTCCTT-matchMismatch.csv:ancestry,contig,start,end,par1_par2_diff,like_par1,like_par2
indivA11_GTCCTT-matchMismatch.csv:homozygous_par1,A,5118319,10185699,1808,1775,31
indivA11_GTCCTT-matchMismatch.csv:homozygous_par1,A,20340132,31585473,3566,3511,51
indivA11_GTCCTT-matchMismatch.csv:homozygous_par1,B,94532,10898154,4314,4249,61
indivA11_GTCCTT-matchMismatch.csv:homozygous_par1,B,18328560,22051733,1790,1733,56
indivA11_GTCCTT-matchMismatch.csv:homozygous_par1,C,178276,11227217,4432,4353,73
indivA11_GTCCTT-matchMismatch.csv:homozygous_par1,C,14241918,25859860,4593,4425,164
indivA11_GTCCTT-matchMismatch.csv:homozygous_par1,D,14022006,26716095,5170,4976,190
indivA11_GTCCTT-matchMismatch.csv:homozygous_par1,E,5449073,20655440,6188,5880,305
indivA11_GTCCTT-matchMismatch.csv:homozygous_par1,E,26049879,39654418,4039,3767,265
indivA11_GTCCTT-matchMismatch.csv:homozygous_par1,F,7147,1921079,187,173,14
indivB01_CTCTAC-matchMismatch.csv:ancestry,contig,start,end,par1_par2_diff,like_par1,like_par2
indivB01_CTCTAC-matchMismatch.csv:homozygous_par1,A,16421,17249112,4821,4697,115
indivB01_CTCTAC-matchMismatch.csv:homozygous_par1,B,107657,8676039,2595,2561,29
indivB01_CTCTAC-matchMismatch.csv:homozygous_par1,B,18592608,19983046,504,497,7
indivB01_CTCTAC-matchMismatch.csv:homozygous_par1,C,258642,11786259,3708,3633,72
indivB01_CTCTAC-matchMismatch.csv:homozygous_par1,C,18099784,25897641,2528,2492,32
indivB01_CTCTAC-matchMismatch.csv:homozygous_par1,D,19528,19093790,6079,5971,93
indivB01_CTCTAC-matchMismatch.csv:homozygous_par1,D,22512334,26718340,1265,1211,54
indivB01_CTCTAC-matchMismatch.csv:homozygous_par1,E,21470858,39656646,5029,4885,136
indivB01_CTCTAC-matchMismatch.csv:homozygous_par1,F,4498,1921598,159,151,8
indivB02_CATAGC-matchMismatch.csv:ancestry,contig,start,end,par1_par2_diff,like_par1,like_par2
indivB02_CATAGC-matchMismatch.csv:homozygous_par1,A,20001849,32381485,96,94,2
indivB02_CATAGC-matchMismatch.csv:homozygous_par1,B,252732,13276812,111,107,4
indivB02_CATAGC-matchMismatch.csv:homozygous_par1,C,9116825,22156275,126,122,4
indivB02_CATAGC-matchMismatch.csv:homozygous_par1,D,7679688,24730822,145,141,4
indivB02_CATAGC-matchMismatch.csv:homozygous_par1,E,2301039,39163540,326,317,8
indivB03_TCCACG-matchMismatch.csv:ancestry,contig,start,end,par1_par2_diff,like_par1,like_par2
indivB03_TCCACG-matchMismatch.csv:homozygous_par1,A,17865771,31928414,114,113,1
indivB03_TCCACG-matchMismatch.csv:homozygous_par1,B,14202592,22227508,80,77,2
indivB03_TCCACG-matchMismatch.csv:homozygous_par1,C,494522,4788119,51,49,2
indivB03_TCCACG-matchMismatch.csv:homozygous_par1,C,15134568,26679595,111,107,4
indivB03_TCCACG-matchMismatch.csv:homozygous_par1,D,793843,1890203,21,21,0
indivB03_TCCACG-matchMismatch.csv:homozygous_par1,D,14159327,22932929,90,89,1
indivB03_TCCACG-matchMismatch.csv:homozygous_par1,E,3636485,7045818,34,32,2
indivB04_GTTCAG-matchMismatch.csv:ancestry,contig,start,end,par1_par2_diff,like_par1,like_par2
indivB04_GTTCAG-matchMismatch.csv:homozygous_par1,A,15378,7163421,804,791,13
indivB04_GTTCAG-matchMismatch.csv:homozygous_par1,A,15381134,32382920,1861,1835,25
indivB04_GTTCAG-matchMismatch.csv:homozygous_par1,B,94532,940697,96,96,0
indivB04_GTTCAG-matchMismatch.csv:homozygous_par1,C,10207031,18013389,1093,1080,12
indivB04_GTTCAG-matchMismatch.csv:homozygous_par1,D,7488149,24919727,2450,2430,18
indivB04_GTTCAG-matchMismatch.csv:homozygous_par1,E,3169744,32712715,4316,4296,20
indivB05_ACGTAC-matchMismatch.csv:ancestry,contig,start,end,par1_par2_diff,like_par1,like_par2
indivB05_ACGTAC-matchMismatch.csv:homozygous_par1,A,5526249,31328654,197,191,6
indivB05_ACGTAC-matchMismatch.csv:homozygous_par1,C,462563,26483253,215,210,4
indivB05_ACGTAC-matchMismatch.csv:homozygous_par1,E,3812813,39192172,300,290,8
indivB05_ACGTAC-matchMismatch.csv:homozygous_par1,F,117583,1351490,6,6,0
indivB06_GCTGAT-matchMismatch.csv:ancestry,contig,start,end,par1_par2_diff,like_par1,like_par2
indivB06_GCTGAT-matchMismatch.csv:homozygous_par1,A,4654,14793832,4763,4696,59
indivB06_GCTGAT-matchMismatch.csv:homozygous_par1,A,22198921,32031444,2848,2791,48
indivB06_GCTGAT-matchMismatch.csv:homozygous_par1,B,80376,16134475,6491,6422,62
indivB06_GCTGAT-matchMismatch.csv:homozygous_par1,D,57524,15931407,6238,6163,64
indivB06_GCTGAT-matchMismatch.csv:homozygous_par1,E,369,2174231,686,678,8
indivB06_GCTGAT-matchMismatch.csv:homozygous_par1,E,9367175,17002135,3137,3111,19
indivB06_GCTGAT-matchMismatch.csv:homozygous_par1,E,20298613,33425627,6015,5971,37
indivB06_GCTGAT-matchMismatch.csv:homozygous_par1,E,35478780,39656646,870,823,44
indivB06_GCTGAT-matchMismatch.csv:homozygous_par1,F,485156,1921598,195,187,8
indivB07_CAACTG-matchMismatch.csv:ancestry,contig,start,end,par1_par2_diff,like_par1,like_par2
indivB07_CAACTG-matchMismatch.csv:homozygous_par1,B,10931115,20165606,197,184,13
indivB07_CAACTG-matchMismatch.csv:homozygous_par1,C,342364,3703934,74,72,1
indivB07_CAACTG-matchMismatch.csv:homozygous_par1,E,6186260,27706841,541,524,15
indivB09_TTACTT-matchMismatch.csv:ancestry,contig,start,end,par1_par2_diff,like_par1,like_par2
indivB09_TTACTT-matchMismatch.csv:homozygous_par1,A,4364,9474641,5233,5156,65
indivB09_TTACTT-matchMismatch.csv:homozygous_par1,A,14271099,31953174,9737,9576,142
indivB09_TTACTT-matchMismatch.csv:homozygous_par1,B,1381266,19855613,12428,12264,146
indivB09_TTACTT-matchMismatch.csv:homozygous_par1,B,19907624,19972792,38,38,0
indivB09_TTACTT-matchMismatch.csv:homozygous_par1,B,26684504,29984654,1709,1674,33
indivB09_TTACTT-matchMismatch.csv:homozygous_par1,C,178276,2187991,1055,1035,19
indivB09_TTACTT-matchMismatch.csv:homozygous_par1,C,3872304,11595383,5272,5211,57
indivB09_TTACTT-matchMismatch.csv:homozygous_par1,C,20640877,22636574,1428,1409,18
indivB09_TTACTT-matchMismatch.csv:homozygous_par1,C,24343892,25841237,778,763,14
indivB09_TTACTT-matchMismatch.csv:homozygous_par1,D,6731144,18697586,7822,7734,82
indivB10_CATTGT-matchMismatch.csv:ancestry,contig,start,end,par1_par2_diff,like_par1,like_par2
indivB10_CATTGT-matchMismatch.csv:homozygous_par1,A,4364,8414565,2217,2196,17
indivB10_CATTGT-matchMismatch.csv:homozygous_par1,A,23574855,32013425,1761,1737,23
indivB10_CATTGT-matchMismatch.csv:homozygous_par1,D,19586959,24419456,1600,1583,16
indivB10_CATTGT-matchMismatch.csv:homozygous_par1,E,2939,15249112,4586,4534,49
indivB10_CATTGT-matchMismatch.csv:homozygous_par1,E,33137291,33425781,98,98,0
indivB10_CATTGT-matchMismatch.csv:homozygous_par1,E,35585394,39652532,608,578,29
indivB11_GCCGTG-matchMismatch.csv:ancestry,contig,start,end,par1_par2_diff,like_par1,like_par2
indivB11_GCCGTG-matchMismatch.csv:homozygous_par1,A,4654,10933032,2647,2620,21
indivB11_GCCGTG-matchMismatch.csv:homozygous_par1,A,18275737,20840790,688,683,5
indivB11_GCCGTG-matchMismatch.csv:homozygous_par1,B,111402,4073640,946,938,8
indivB11_GCCGTG-matchMismatch.csv:homozygous_par1,C,178276,13757282,4071,4044,24
indivB11_GCCGTG-matchMismatch.csv:homozygous_par1,C,22682393,24321074,449,447,2
indivB11_GCCGTG-matchMismatch.csv:homozygous_par1,D,7781476,22796993,4315,4283,23
indivB12_AGGCTG-matchMismatch.csv:ancestry,contig,start,end,par1_par2_diff,like_par1,like_par2
indivB12_AGGCTG-matchMismatch.csv:homozygous_par1,A,12076,19424150,6796,6695,88
indivB12_AGGCTG-matchMismatch.csv:homozygous_par1,B,1450087,20785114,8121,7947,158
indivB12_AGGCTG-matchMismatch.csv:homozygous_par1,B,25687548,30354044,1434,1389,42
indivB12_AGGCTG-matchMismatch.csv:homozygous_par1,C,1215489,19471363,7957,7869,78
indivB12_AGGCTG-matchMismatch.csv:homozygous_par1,C,22604988,24327011,687,686,1
indivB12_AGGCTG-matchMismatch.csv:homozygous_par1,D,7286,6918278,2606,2540,60
indivB12_AGGCTG-matchMismatch.csv:homozygous_par1,D,24216605,26720464,803,762,40
indivB12_AGGCTG-matchMismatch.csv:homozygous_par1,E,369,9941130,3969,3868,90
indivC03_GGGAAT-matchMismatch.csv:ancestry,contig,start,end,par1_par2_diff,like_par1,like_par2
indivC03_GGGAAT-matchMismatch.csv:homozygous_par1,A,23553,629547,12,12,0
indivC03_GGGAAT-matchMismatch.csv:homozygous_par1,A,16651484,32400562,407,404,3
indivC03_GGGAAT-matchMismatch.csv:homozygous_par1,B,253934,30294360,980,969,11
indivC03_GGGAAT-matchMismatch.csv:homozygous_par1,C,3875474,22479417,661,655,6
indivC03_GGGAAT-matchMismatch.csv:homozygous_par1,C,23891155,25356538,61,61,0
indivC03_GGGAAT-matchMismatch.csv:homozygous_par1,D,3372429,9454243,200,197,3
indivC03_GGGAAT-matchMismatch.csv:homozygous_par1,E,24028212,39630402,392,378,13
indivC04_ACTGTT-matchMismatch.csv:ancestry,contig,start,end,par1_par2_diff,like_par1,like_par2
indivC04_ACTGTT-matchMismatch.csv:homozygous_par1,A,4881150,31619247,2414,2379,32
indivC04_ACTGTT-matchMismatch.csv:homozygous_par1,B,111402,26105426,2899,2876,20
indivC04_ACTGTT-matchMismatch.csv:homozygous_par1,C,3770587,18077621,1516,1498,14
indivC04_ACTGTT-matchMismatch.csv:homozygous_par1,C,23746851,24280337,47,46,1
indivC04_ACTGTT-matchMismatch.csv:homozygous_par1,D,14062716,26657379,1377,1361,15
indivC04_ACTGTT-matchMismatch.csv:homozygous_par1,F,117583,1921506,59,55,4
indivC05_CTAACG-matchMismatch.csv:ancestry,contig,start,end,par1_par2_diff,like_par1,like_par2
indivC05_CTAACG-matchMismatch.csv:homozygous_par1,A,5206040,32399927,990,974,14
indivC05_CTAACG-matchMismatch.csv:homozygous_par1,B,3812480,26346993,1013,1001,11
indivC05_CTAACG-matchMismatch.csv:homozygous_par1,C,553876,1903602,54,52,2
indivC05_CTAACG-matchMismatch.csv:homozygous_par1,C,11497862,19992371,381,377,4
indivC05_CTAACG-matchMismatch.csv:homozygous_par1,D,17115219,26718340,432,426,6
indivC05_CTAACG-matchMismatch.csv:homozygous_par1,E,28887816,39653334,290,276,13
indivC05_CTAACG-matchMismatch.csv:homozygous_par1,F,763297,1420656,21,20,1
indivC06_CTGACA-matchMismatch.csv:ancestry,contig,start,end,par1_par2_diff,like_par1,like_par2
indivC06_CTGACA-matchMismatch.csv:homozygous_par1,A,5964888,10841623,631,623,7
indivC06_CTGACA-matchMismatch.csv:homozygous_par1,A,26374962,32382712,464,447,17
indivC06_CTGACA-matchMismatch.csv:homozygous_par1,B,10104665,17179770,990,982,7
indivC06_CTGACA-matchMismatch.csv:homozygous_par1,B,23337993,30162826,818,805,11
indivC06_CTGACA-matchMismatch.csv:homozygous_par1,C,2491383,4857890,372,368,4
indivC06_CTGACA-matchMismatch.csv:homozygous_par1,C,18276946,25969409,1102,1089,11
indivC06_CTGACA-matchMismatch.csv:homozygous_par1,D,209194,26652425,3637,3578,55
indivC06_CTGACA-matchMismatch.csv:homozygous_par1,E,30820,1597052,136,136,0
indivC06_CTGACA-matchMismatch.csv:homozygous_par1,E,10474516,39654231,3592,3545,41
indivC07_ATGATG-matchMismatch.csv:ancestry,contig,start,end,par1_par2_diff,like_par1,like_par2
indivC07_ATGATG-matchMismatch.csv:homozygous_par1,A,27192948,32382712,360,343,15
indivC07_ATGATG-matchMismatch.csv:homozygous_par1,B,20784479,29443085,1375,1367,6
indivC07_ATGATG-matchMismatch.csv:homozygous_par1,E,16892704,27032008,1648,1638,9
indivC07_ATGATG-matchMismatch.csv:homozygous_par1,F,486271,1920308,73,68,5
indivC10_AACTCG-matchMismatch.csv:ancestry,contig,start,end,par1_par2_diff,like_par1,like_par2
indivC10_AACTCG-matchMismatch.csv:homozygous_par1,A,12076,5805874,2089,2072,13
indivC10_AACTCG-matchMismatch.csv:homozygous_par1,A,22938338,32281544,2786,2752,33
indivC10_AACTCG-matchMismatch.csv:homozygous_par2,A,16409456,16506439,44,6,38
indivC10_AACTCG-matchMismatch.csv:homozygous_par1,B,27580747,30354543,638,624,14
indivC10_AACTCG-matchMismatch.csv:homozygous_par1,C,178357,12953962,5740,5692,42
indivC10_AACTCG-matchMismatch.csv:homozygous_par1,C,21561563,27162547,1789,1745,43
indivC10_AACTCG-matchMismatch.csv:homozygous_par1,D,20145,23548261,10131,10035,81
indivC10_AACTCG-matchMismatch.csv:homozygous_par1,D,23580756,26720464,1140,1117,22
indivC10_AACTCG-matchMismatch.csv:homozygous_par1,E,369,3847490,1404,1387,13
indivC10_AACTCG-matchMismatch.csv:homozygous_par1,E,19204741,39652532,7713,7613,95
indivC11_GACACG-matchMismatch.csv:ancestry,contig,start,end,par1_par2_diff,like_par1,like_par2
indivC11_GACACG-matchMismatch.csv:homozygous_par1,A,8044793,32049623,6068,5991,67
indivC11_GACACG-matchMismatch.csv:homozygous_par1,B,71072,4873893,1374,1355,13
indivC11_GACACG-matchMismatch.csv:homozygous_par1,D,167977,18388771,5376,5323,40
indivC11_GACACG-matchMismatch.csv:homozygous_par1,E,369,31272545,9812,9726,69
indivC12_CGCTTG-matchMismatch.csv:ancestry,contig,start,end,par1_par2_diff,like_par1,like_par2
indivC12_CGCTTG-matchMismatch.csv:homozygous_par1,A,5430365,32013425,6369,6283,78
indivC12_CGCTTG-matchMismatch.csv:homozygous_par2,A,4574065,4694863,30,5,25
indivC12_CGCTTG-matchMismatch.csv:homozygous_par1,B,14427860,30331175,4635,4595,34
indivC12_CGCTTG-matchMismatch.csv:homozygous_par1,C,16649919,22605205,1831,1818,10
indivC12_CGCTTG-matchMismatch.csv:homozygous_par1,C,24343892,25860713,309,302,6
indivC12_CGCTTG-matchMismatch.csv:homozygous_par1,D,68661,2814500,639,626,10
indivC12_CGCTTG-matchMismatch.csv:homozygous_par1,D,18861845,26717532,2162,2127,30
indivC12_CGCTTG-matchMismatch.csv:homozygous_par1,E,5747277,28956116,6882,6839,35
indivD02_ATATGG-matchMismatch.csv:ancestry,contig,start,end,par1_par2_diff,like_par1,like_par2
indivD02_ATATGG-matchMismatch.csv:homozygous_par1,A,5131156,12074925,295,276,16
indivD02_ATATGG-matchMismatch.csv:homozygous_par1,A,21518459,32382920,413,398,15
indivD02_ATATGG-matchMismatch.csv:homozygous_par1,B,71427,1606369,55,54,1
indivD02_ATATGG-matchMismatch.csv:homozygous_par1,B,6034267,22370462,858,836,22
indivD02_ATATGG-matchMismatch.csv:homozygous_par1,C,20834117,22595193,108,108,0
indivD02_ATATGG-matchMismatch.csv:homozygous_par1,D,1076674,8525179,396,391,4
indivD02_ATATGG-matchMismatch.csv:homozygous_par1,D,22677115,26720464,204,181,23
indivD02_ATATGG-matchMismatch.csv:homozygous_par1,E,30820,30002798,1587,1512,73
indivD03_TTCCTG-matchMismatch.csv:ancestry,contig,start,end,par1_par2_diff,like_par1,like_par2
indivD03_TTCCTG-matchMismatch.csv:homozygous_par1,A,19127373,32382920,691,581,110
indivD03_TTCCTG-matchMismatch.csv:homozygous_par1,B,9231439,13741333,290,272,18
indivD03_TTCCTG-matchMismatch.csv:homozygous_par1,C,217212,2256127,101,101,0
indivD03_TTCCTG-matchMismatch.csv:homozygous_par1,C,4887093,14171033,680,634,45
indivD03_TTCCTG-matchMismatch.csv:homozygous_par1,D,224552,6045282,329,313,15
indivD03_TTCCTG-matchMismatch.csv:homozygous_par1,D,13916281,23433308,657,636,21
indivD03_TTCCTG-matchMismatch.csv:homozygous_par1,E,72424,2017119,94,88,6
indivD03_TTCCTG-matchMismatch.csv:homozygous_par1,E,5807303,9158020,240,209,31
indivD03_TTCCTG-matchMismatch.csv:homozygous_par1,E,17721861,24513390,444,435,8
indivD04_GACAAT-matchMismatch.csv:ancestry,contig,start,end,par1_par2_diff,like_par1,like_par2
indivD04_GACAAT-matchMismatch.csv:homozygous_par1,A,18987374,24267046,617,612,5
indivD04_GACAAT-matchMismatch.csv:homozygous_par1,B,30108,755317,51,50,1
indivD04_GACAAT-matchMismatch.csv:homozygous_par1,B,13052277,20031961,827,824,2
indivD04_GACAAT-matchMismatch.csv:homozygous_par1,C,288728,10446155,1105,1090,11
indivD04_GACAAT-matchMismatch.csv:homozygous_par1,C,19844073,25532063,648,635,13
indivD04_GACAAT-matchMismatch.csv:homozygous_par1,D,1261727,6849717,629,621,7
indivD04_GACAAT-matchMismatch.csv:homozygous_par1,D,25391326,26684393,68,63,5
indivD04_GACAAT-matchMismatch.csv:homozygous_par1,E,32598,2669948,258,254,4
indivD04_GACAAT-matchMismatch.csv:homozygous_par1,E,13342820,18979752,636,627,7
indivD04_GACAAT-matchMismatch.csv:homozygous_par1,E,28896500,39656646,789,761,28
indivD04_GACAAT-matchMismatch.csv:homozygous_par1,F,117583,1894097,61,58,3
indivD05_GCGTAT-matchMismatch.csv:ancestry,contig,start,end,par1_par2_diff,like_par1,like_par2
indivD05_GCGTAT-matchMismatch.csv:homozygous_par1,A,171077,12523839,884,878,5
indivD05_GCGTAT-matchMismatch.csv:homozygous_par1,A,23451230,32381485,469,460,9
indivD05_GCGTAT-matchMismatch.csv:homozygous_par1,C,178276,16711836,1428,1410,17
indivD05_GCGTAT-matchMismatch.csv:homozygous_par1,C,22695841,24327227,135,134,1
indivD05_GCGTAT-matchMismatch.csv:homozygous_par1,D,68661,2148489,130,129,1
indivD05_GCGTAT-matchMismatch.csv:homozygous_par1,D,5688580,26696460,1667,1644,23
indivD05_GCGTAT-matchMismatch.csv:homozygous_par1,E,78706,14322435,1151,1145,6
indivD06_TAGACA-matchMismatch.csv:ancestry,contig,start,end,par1_par2_diff,like_par1,like_par2
indivD06_TAGACA-matchMismatch.csv:homozygous_par1,A,14503339,32285173,9849,9701,134
indivD06_TAGACA-matchMismatch.csv:homozygous_par1,B,7621207,13674750,4331,4292,33
indivD06_TAGACA-matchMismatch.csv:homozygous_par1,C,178276,10235172,6649,6601,40
indivD06_TAGACA-matchMismatch.csv:homozygous_par1,C,22674480,24345343,1060,1051,7
indivD06_TAGACA-matchMismatch.csv:homozygous_par1,D,19528,6783275,4214,4160,47
indivD07_GTCCGG-matchMismatch.csv:ancestry,contig,start,end,par1_par2_diff,like_par1,like_par2
indivD07_GTCCGG-matchMismatch.csv:homozygous_par1,A,4364,14188326,1257,1247,8
indivD07_GTCCGG-matchMismatch.csv:homozygous_par1,B,8207781,10000414,202,201,0
indivD07_GTCCGG-matchMismatch.csv:homozygous_par1,C,258642,11223356,1053,1040,13
indivD07_GTCCGG-matchMismatch.csv:homozygous_par1,C,22684133,24361658,165,164,0
indivD07_GTCCGG-matchMismatch.csv:homozygous_par1,D,171564,1751921,143,140,2
indivD07_GTCCGG-matchMismatch.csv:homozygous_par1,E,5464301,22573572,1600,1592,6
indivD07_GTCCGG-matchMismatch.csv:homozygous_par1,E,31278680,39574072,388,372,15
indivD09_AGAGTT-matchMismatch.csv:ancestry,contig,start,end,par1_par2_diff,like_par1,like_par2
indivD09_AGAGTT-matchMismatch.csv:homozygous_par1,A,11889969,20666208,5047,5002,40
indivD09_AGAGTT-matchMismatch.csv:homozygous_par1,B,71427,1606369,713,708,5
indivD09_AGAGTT-matchMismatch.csv:homozygous_par1,B,9342802,21422231,7789,7737,42
indivD09_AGAGTT-matchMismatch.csv:homozygous_par1,C,5870355,8271517,1524,1509,12
indivD09_AGAGTT-matchMismatch.csv:homozygous_par1,D,19528,23534317,14493,14350,119
indivD09_AGAGTT-matchMismatch.csv:homozygous_par1,D,23591990,24468356,593,590,3
indivD09_AGAGTT-matchMismatch.csv:homozygous_par1,E,3611168,26682152,15191,15099,84
indivD09_AGAGTT-matchMismatch.csv:homozygous_par1,F,480801,1921506,299,280,18
indivD10_AATAAG-matchMismatch.csv:ancestry,contig,start,end,par1_par2_diff,like_par1,like_par2
indivD10_AATAAG-matchMismatch.csv:homozygous_par1,A,19397,30042351,5245,5165,77
indivD10_AATAAG-matchMismatch.csv:homozygous_par1,B,14726147,30323534,3044,3007,33
indivD10_AATAAG-matchMismatch.csv:homozygous_par1,C,178276,3740953,654,649,5
indivD10_AATAAG-matchMismatch.csv:homozygous_par1,C,19257392,20185129,197,197,0
indivD10_AATAAG-matchMismatch.csv:homozygous_par1,C,22676702,23665371,185,185,0
indivD10_AATAAG-matchMismatch.csv:homozygous_par1,D,209194,6718401,1257,1245,11
indivD10_AATAAG-matchMismatch.csv:homozygous_par1,D,16799228,26071209,1928,1914,14
indivD10_AATAAG-matchMismatch.csv:homozygous_par1,E,20793235,33405921,2743,2728,13
indivD10_AATAAG-matchMismatch.csv:homozygous_par1,E,35611353,39656781,425,411,14
indivD10_AATAAG-matchMismatch.csv:homozygous_par1,F,7147,1921399,88,80,7
indivD11_TGACTG-matchMismatch.csv:ancestry,contig,start,end,par1_par2_diff,like_par1,like_par2
indivD11_TGACTG-matchMismatch.csv:homozygous_par1,A,4654,16512748,4821,4773,40
indivD11_TGACTG-matchMismatch.csv:homozygous_par1,A,28686605,31759110,364,346,16
indivD11_TGACTG-matchMismatch.csv:homozygous_par1,B,71072,13299565,4646,4598,41
indivD11_TGACTG-matchMismatch.csv:homozygous_par1,B,24358718,26011185,703,702,0
indivD11_TGACTG-matchMismatch.csv:homozygous_par1,C,178276,7978468,2707,2684,19
indivD11_TGACTG-matchMismatch.csv:homozygous_par1,C,10767749,15144710,1723,1705,11
indivD11_TGACTG-matchMismatch.csv:homozygous_par1,C,22589407,24302679,581,575,5
indivD11_TGACTG-matchMismatch.csv:homozygous_par1,D,68661,11824244,3965,3921,36
indivD11_TGACTG-matchMismatch.csv:homozygous_par1,D,14560578,26720464,4288,4235,50
indivD11_TGACTG-matchMismatch.csv:homozygous_par1,E,369,1423817,373,370,3
indivD11_TGACTG-matchMismatch.csv:homozygous_par1,E,12167550,24496875,4574,4531,36
indivD12_CTTCGG-matchMismatch.csv:ancestry,contig,start,end,par1_par2_diff,like_par1,like_par2
indivD12_CTTCGG-matchMismatch.csv:homozygous_par1,A,16467,12528239,2209,2193,16
indivD12_CTTCGG-matchMismatch.csv:homozygous_par1,B,111709,8796006,1775,1754,20
indivD12_CTTCGG-matchMismatch.csv:homozygous_par1,B,11930644,23036646,2464,2446,15
indivD12_CTTCGG-matchMismatch.csv:homozygous_par1,C,9572491,22602477,2937,2915,21
indivD12_CTTCGG-matchMismatch.csv:homozygous_par1,C,24348028,25691153,228,225,2
indivD12_CTTCGG-matchMismatch.csv:homozygous_par1,D,17054957,22143158,1154,1151,3
indivD12_CTTCGG-matchMismatch.csv:homozygous_par1,E,30820,1913051,281,280,1
indivD12_CTTCGG-matchMismatch.csv:homozygous_par1,F,206135,1404297,102,100,2
indivE01_TATATG-matchMismatch.csv:ancestry,contig,start,end,par1_par2_diff,like_par1,like_par2
indivE01_TATATG-matchMismatch.csv:homozygous_par1,A,1506265,13068797,114,114,0
indivE01_TATATG-matchMismatch.csv:homozygous_par1,B,1875207,29944344,381,374,5
indivE01_TATATG-matchMismatch.csv:homozygous_par1,C,778500,7800223,88,80,7
indivE01_TATATG-matchMismatch.csv:homozygous_par1,C,13174421,19067300,81,81,0
indivE01_TATATG-matchMismatch.csv:homozygous_par1,D,193857,26278643,330,324,6
indivE01_TATATG-matchMismatch.csv:homozygous_par1,E,6382270,39559238,391,379,11
indivE02_GGTTAC-matchMismatch.csv:ancestry,contig,start,end,par1_par2_diff,like_par1,like_par2
indivE02_GGTTAC-matchMismatch.csv:homozygous_par1,B,539813,29745566,174,173,1
indivE02_GGTTAC-matchMismatch.csv:homozygous_par1,C,232722,4379516,27,26,0
indivE02_GGTTAC-matchMismatch.csv:homozygous_par1,C,8043992,17307679,58,58,0
indivE02_GGTTAC-matchMismatch.csv:homozygous_par1,D,554195,26632223,153,148,5
indivE02_GGTTAC-matchMismatch.csv:homozygous_par1,E,14328423,20630671,39,38,1
indivE03_TAGTCG-matchMismatch.csv:ancestry,contig,start,end,par1_par2_diff,like_par1,like_par2
indivE03_TAGTCG-matchMismatch.csv:homozygous_par1,B,258356,23226472,291,289,2
indivE03_TAGTCG-matchMismatch.csv:homozygous_par1,C,8149184,26747836,261,251,10
indivE03_TAGTCG-matchMismatch.csv:homozygous_par1,D,583894,22360326,285,281,4
indivE03_TAGTCG-matchMismatch.csv:homozygous_par1,E,6597571,27417622,303,296,6
indivE04_CGATAC-matchMismatch.csv:ancestry,contig,start,end,par1_par2_diff,like_par1,like_par2
indivE04_CGATAC-matchMismatch.csv:homozygous_par1,A,12295694,32400562,2142,2113,26
indivE04_CGATAC-matchMismatch.csv:homozygous_par1,B,111402,9466976,1176,1163,10
indivE04_CGATAC-matchMismatch.csv:homozygous_par1,B,17873891,19332186,204,204,0
indivE04_CGATAC-matchMismatch.csv:homozygous_par1,B,24249052,30323990,750,739,10
indivE04_CGATAC-matchMismatch.csv:homozygous_par1,C,7363964,22629416,2156,2139,14
indivE04_CGATAC-matchMismatch.csv:homozygous_par1,C,24247578,25645043,169,165,4
indivE04_CGATAC-matchMismatch.csv:homozygous_par1,D,209194,11294455,1312,1298,9
indivE04_CGATAC-matchMismatch.csv:homozygous_par1,E,2764,13969443,1828,1818,8
indivE04_CGATAC-matchMismatch.csv:homozygous_par1,E,29525742,39641248,857,828,26
indivE05_TTAGCG-matchMismatch.csv:ancestry,contig,start,end,par1_par2_diff,like_par1,like_par2
indivE05_TTAGCG-matchMismatch.csv:homozygous_par1,B,8275576,19019170,1877,1868,7
indivE05_TTAGCG-matchMismatch.csv:homozygous_par1,C,3772530,22577197,3315,3291,21
indivE05_TTAGCG-matchMismatch.csv:homozygous_par1,C,23511326,25796033,353,348,5
indivE05_TTAGCG-matchMismatch.csv:homozygous_par1,D,6781286,19927030,2224,2208,12
indivE05_TTAGCG-matchMismatch.csv:homozygous_par1,E,5931973,28062925,4066,4047,16
indivE05_TTAGCG-matchMismatch.csv:homozygous_par1,F,7147,1894097,88,84,4
indivE06_GGAAGT-matchMismatch.csv:ancestry,contig,start,end,par1_par2_diff,like_par1,like_par2
indivE06_GGAAGT-matchMismatch.csv:homozygous_par1,A,5627423,21096727,4412,4352,53
indivE06_GGAAGT-matchMismatch.csv:homozygous_par1,A,24707095,31463520,1462,1434,26
indivE06_GGAAGT-matchMismatch.csv:homozygous_par1,B,79161,30027273,9910,9817,77
indivE06_GGAAGT-matchMismatch.csv:homozygous_par1,C,178276,19603471,6474,6434,37
indivE06_GGAAGT-matchMismatch.csv:homozygous_par1,C,22675102,24326731,506,506,0
indivE06_GGAAGT-matchMismatch.csv:homozygous_par1,D,6012856,11996962,1910,1894,13
indivE06_GGAAGT-matchMismatch.csv:homozygous_par1,D,22948340,26241845,1052,1038,14
indivE06_GGAAGT-matchMismatch.csv:homozygous_par1,E,2233069,8111952,1919,1902,15
indivE06_GGAAGT-matchMismatch.csv:homozygous_par1,E,23596475,33412403,3512,3494,16
indivE06_GGAAGT-matchMismatch.csv:homozygous_par1,E,35767676,39656781,618,587,30
indivE07_GCACAG-matchMismatch.csv:ancestry,contig,start,end,par1_par2_diff,like_par1,like_par2
indivE07_GCACAG-matchMismatch.csv:homozygous_par1,A,4364,14240472,3245,3215,23
indivE07_GCACAG-matchMismatch.csv:homozygous_par1,B,4724101,23282393,5345,5308,31
indivE07_GCACAG-matchMismatch.csv:homozygous_par1,C,6697496,19293856,3501,3478,21
indivE07_GCACAG-matchMismatch.csv:homozygous_par1,D,60663,19058231,5183,5138,37
indivE08_GAGTAG-matchMismatch.csv:ancestry,contig,start,end,par1_par2_diff,like_par1,like_par2
indivE08_GAGTAG-matchMismatch.csv:homozygous_par1,A,15378,20017671,8018,7927,78
indivE08_GAGTAG-matchMismatch.csv:homozygous_par1,B,19441880,21834524,1235,1228,6
indivE08_GAGTAG-matchMismatch.csv:homozygous_par1,B,27123914,30354543,890,869,19
indivE08_GAGTAG-matchMismatch.csv:homozygous_par1,C,178357,4452676,1789,1771,16
indivE08_GAGTAG-matchMismatch.csv:homozygous_par1,C,9792836,22605928,6195,6146,40
indivE08_GAGTAG-matchMismatch.csv:homozygous_par1,C,22676702,25791123,1269,1258,9
indivE08_GAGTAG-matchMismatch.csv:homozygous_par1,D,7125147,17676145,4819,4783,27
indivE08_GAGTAG-matchMismatch.csv:homozygous_par1,D,24051116,26720464,951,935,16
indivE08_GAGTAG-matchMismatch.csv:homozygous_par1,E,13847416,21276457,3421,3396,23
indivE08_GAGTAG-matchMismatch.csv:homozygous_par1,F,318917,1921506,206,200,6
indivE09_AGTCAC-matchMismatch.csv:ancestry,contig,start,end,par1_par2_diff,like_par1,like_par2
indivE09_AGTCAC-matchMismatch.csv:homozygous_par1,A,15378,6066208,1682,1661,17
indivE09_AGTCAC-matchMismatch.csv:homozygous_par1,A,18190413,30654432,3882,3824,51
indivE09_AGTCAC-matchMismatch.csv:homozygous_par1,B,80376,9028601,2963,2921,38
indivE09_AGTCAC-matchMismatch.csv:homozygous_par1,B,20226628,23574926,1431,1417,12
indivE09_AGTCAC-matchMismatch.csv:homozygous_par1,C,175498,11635139,3986,3942,42
indivE09_AGTCAC-matchMismatch.csv:homozygous_par1,C,22615301,24321074,588,583,5
indivE09_AGTCAC-matchMismatch.csv:homozygous_par1,D,26819,16953048,5815,5747,60
indivE09_AGTCAC-matchMismatch.csv:homozygous_par1,D,22435365,26716095,1370,1338,31
indivE10_GGGTTG-matchMismatch.csv:ancestry,contig,start,end,par1_par2_diff,like_par1,like_par2
indivE10_GGGTTG-matchMismatch.csv:homozygous_par1,A,51519,13512454,2867,2845,19
indivE10_GGGTTG-matchMismatch.csv:homozygous_par1,B,88931,8279407,1872,1855,14
indivE10_GGGTTG-matchMismatch.csv:homozygous_par1,B,12991327,30326194,4127,4087,34
indivE10_GGGTTG-matchMismatch.csv:homozygous_par1,C,180255,3740953,767,757,8
indivE10_GGGTTG-matchMismatch.csv:homozygous_par1,C,11769705,19825021,2139,2122,12
indivE10_GGGTTG-matchMismatch.csv:homozygous_par1,C,22626899,24301690,392,389,1
indivE10_GGGTTG-matchMismatch.csv:homozygous_par1,D,8133264,20118864,2982,2964,16
indivE10_GGGTTG-matchMismatch.csv:homozygous_par1,D,23826445,26716095,574,563,11
indivE10_GGGTTG-matchMismatch.csv:homozygous_par1,E,19273150,33416323,3627,3601,23
indivE10_GGGTTG-matchMismatch.csv:homozygous_par1,E,35681439,39654231,461,431,28
indivE11_GCCTGG-matchMismatch.csv:ancestry,contig,start,end,par1_par2_diff,like_par1,like_par2
indivE11_GCCTGG-matchMismatch.csv:homozygous_par1,A,8903540,24356966,1259,1251,7
indivE11_GCCTGG-matchMismatch.csv:homozygous_par1,B,18333079,30354044,1059,1045,14
indivE11_GCCTGG-matchMismatch.csv:homozygous_par1,C,9754205,19458888,916,910,6
indivE11_GCCTGG-matchMismatch.csv:homozygous_par1,D,68661,24464429,2107,2083,21
indivE11_GCCTGG-matchMismatch.csv:homozygous_par1,E,32598,6409761,503,500,2
indivE11_GCCTGG-matchMismatch.csv:homozygous_par1,E,22682901,33404697,1039,1032,4
indivE11_GCCTGG-matchMismatch.csv:homozygous_par1,E,35586525,39656288,179,173,6
indivE11_GCCTGG-matchMismatch.csv:homozygous_par1,F,117401,1553053,45,42,3
indivE12_AATGTG-matchMismatch.csv:ancestry,contig,start,end,par1_par2_diff,like_par1,like_par2
indivE12_AATGTG-matchMismatch.csv:homozygous_par1,A,4654,2628449,427,423,4
indivE12_AATGTG-matchMismatch.csv:homozygous_par1,A,12513189,20996149,1602,1583,18
indivE12_AATGTG-matchMismatch.csv:homozygous_par1,B,80376,30320776,6168,6112,48
indivE12_AATGTG-matchMismatch.csv:homozygous_par1,C,1362342,5816513,978,968,10
indivE12_AATGTG-matchMismatch.csv:homozygous_par1,C,15152423,26180868,2184,2168,15
indivE12_AATGTG-matchMismatch.csv:homozygous_par1,D,9257441,26718340,3553,3520,30
indivE12_AATGTG-matchMismatch.csv:homozygous_par1,E,17595613,30774218,2924,2907,14
indivE12_AATGTG-matchMismatch.csv:homozygous_par1,F,31836,1362410,84,80,4
indivF01_GGCATT-matchMismatch.csv:ancestry,contig,start,end,par1_par2_diff,like_par1,like_par2
indivF01_GGCATT-matchMismatch.csv:homozygous_par1,A,5649365,21084733,1860,1768,88
indivF01_GGCATT-matchMismatch.csv:homozygous_par1,A,24724380,32420608,625,587,36
indivF01_GGCATT-matchMismatch.csv:homozygous_par1,B,103086,30295017,4081,3885,192
indivF01_GGCATT-matchMismatch.csv:homozygous_par1,C,178276,19587784,2792,2658,131
indivF01_GGCATT-matchMismatch.csv:homozygous_par1,C,22681385,24290693,206,201,5
indivF01_GGCATT-matchMismatch.csv:homozygous_par1,D,6020163,11984013,796,777,17
indivF01_GGCATT-matchMismatch.csv:homozygous_par1,D,22956469,26706475,496,478,18
indivF01_GGCATT-matchMismatch.csv:homozygous_par1,E,2309620,8098577,804,773,31
indivF01_GGCATT-matchMismatch.csv:homozygous_par1,E,23670130,33374666,1479,1370,106
indivF02_AAGCGA-matchMismatch.csv:ancestry,contig,start,end,par1_par2_diff,like_par1,like_par2
indivF02_AAGCGA-matchMismatch.csv:homozygous_par1,A,73813,13796784,160,159,1
indivF02_AAGCGA-matchMismatch.csv:homozygous_par1,B,324836,24049021,337,336,0
indivF02_AAGCGA-matchMismatch.csv:homozygous_par1,C,564628,13725419,197,190,6
indivF02_AAGCGA-matchMismatch.csv:homozygous_par1,C,20177294,25549046,75,74,1
indivF02_AAGCGA-matchMismatch.csv:homozygous_par1,D,516059,26529550,339,335,4
indivF02_AAGCGA-matchMismatch.csv:homozygous_par1,E,505664,5230070,57,57,0
indivF02_AAGCGA-matchMismatch.csv:homozygous_par1,E,11881445,20857805,130,130,0
indivF02_AAGCGA-matchMismatch.csv:homozygous_par1,E,31891343,39272470,47,44,3
indivF03_CACTGA-matchMismatch.csv:ancestry,contig,start,end,par1_par2_diff,like_par1,like_par2
indivF03_CACTGA-matchMismatch.csv:homozygous_par1,A,24149453,31825327,482,477,5
indivF03_CACTGA-matchMismatch.csv:homozygous_par1,B,94532,26276769,2618,2597,16
indivF03_CACTGA-matchMismatch.csv:homozygous_par1,C,2100598,25518250,2418,2400,16
indivF03_CACTGA-matchMismatch.csv:homozygous_par1,D,19528,26707624,2569,2549,19
indivF03_CACTGA-matchMismatch.csv:homozygous_par1,E,100461,2050645,158,158,0
indivF03_CACTGA-matchMismatch.csv:homozygous_par1,E,26280079,27085847,80,80,0
indivF03_CACTGA-matchMismatch.csv:homozygous_par1,F,117583,1802126,54,51,3
indivF04_ATCACG-matchMismatch.csv:ancestry,contig,start,end,par1_par2_diff,like_par1,like_par2
indivF04_ATCACG-matchMismatch.csv:homozygous_par1,A,149846,13080168,518,513,3
indivF04_ATCACG-matchMismatch.csv:homozygous_par1,B,147159,10835479,532,517,12
indivF04_ATCACG-matchMismatch.csv:homozygous_par1,C,232722,8439746,394,389,5
indivF04_ATCACG-matchMismatch.csv:homozygous_par1,C,14048062,26952435,532,526,6
indivF04_ATCACG-matchMismatch.csv:homozygous_par1,D,224552,24567876,1129,1123,6
indivF04_ATCACG-matchMismatch.csv:homozygous_par1,E,369,39611946,1749,1726,21
indivF04_ATCACG-matchMismatch.csv:homozygous_par1,F,7147,1921399,21,18,3
indivF05_ACCGAT-matchMismatch.csv:ancestry,contig,start,end,par1_par2_diff,like_par1,like_par2
indivF05_ACCGAT-matchMismatch.csv:homozygous_par1,B,6574672,21888947,165,157,8
indivF05_ACCGAT-matchMismatch.csv:homozygous_par1,C,3726229,10868035,78,77,1
indivF05_ACCGAT-matchMismatch.csv:homozygous_par1,D,573278,24340946,257,249,8
indivF05_ACCGAT-matchMismatch.csv:homozygous_par1,E,518098,3309032,36,34,2
indivF05_ACCGAT-matchMismatch.csv:homozygous_par1,E,22075777,27065947,66,61,5
indivF06_TATAGT-matchMismatch.csv:ancestry,contig,start,end,par1_par2_diff,like_par1,like_par2
indivF06_TATAGT-matchMismatch.csv:homozygous_par1,C,178276,2495925,391,384,3
indivF06_TATAGT-matchMismatch.csv:homozygous_par1,D,19528,24549925,4857,4809,41
indivF06_TATAGT-matchMismatch.csv:homozygous_par1,E,19198038,33421101,3096,3065,25
indivF06_TATAGT-matchMismatch.csv:homozygous_par1,E,35619001,39652532,401,375,25
indivF07_ATCCAG-matchMismatch.csv:ancestry,contig,start,end,par1_par2_diff,like_par1,like_par2
indivF07_ATCCAG-matchMismatch.csv:homozygous_par1,A,12076,11622160,3049,3011,30
indivF07_ATCCAG-matchMismatch.csv:homozygous_par1,B,24010977,30354044,1798,1776,21
indivF07_ATCCAG-matchMismatch.csv:homozygous_par1,C,178276,3763671,1009,993,11
indivF07_ATCCAG-matchMismatch.csv:homozygous_par1,C,14191566,14280008,26,26,0
indivF07_ATCCAG-matchMismatch.csv:homozygous_par1,C,15193943,18913530,1167,1160,4
indivF07_ATCCAG-matchMismatch.csv:homozygous_par1,C,22681627,23961565,384,383,1
indivF07_ATCCAG-matchMismatch.csv:homozygous_par1,D,19528,26716095,8523,8421,89
indivF08_AATCCG-matchMismatch.csv:ancestry,contig,start,end,par1_par2_diff,like_par1,like_par2
indivF08_AATCCG-matchMismatch.csv:homozygous_par1,B,8259783,14996750,872,868,3
indivF08_AATCCG-matchMismatch.csv:homozygous_par1,C,232722,9790699,1155,1149,5
indivF08_AATCCG-matchMismatch.csv:homozygous_par1,C,21252068,25433674,541,536,5
indivF08_AATCCG-matchMismatch.csv:homozygous_par1,D,209194,26708137,3270,3244,23
indivF08_AATCCG-matchMismatch.csv:homozygous_par1,E,18106553,39643712,2255,2229,25
indivF08_AATCCG-matchMismatch.csv:homozygous_par1,F,117583,1802126,67,63,4
indivF09_CAGGTG-matchMismatch.csv:ancestry,contig,start,end,par1_par2_diff,like_par1,like_par2
indivF09_CAGGTG-matchMismatch.csv:homozygous_par1,A,3419160,6938616,178,175,3
indivF09_CAGGTG-matchMismatch.csv:homozygous_par1,A,21195454,31892916,367,354,13
indivF09_CAGGTG-matchMismatch.csv:homozygous_par1,B,16255820,30294344,649,637,11
indivF09_CAGGTG-matchMismatch.csv:homozygous_par1,D,68661,24031492,1140,1126,12
indivF09_CAGGTG-matchMismatch.csv:homozygous_par1,E,108267,28131769,1322,1312,9
indivF10_CCACCA-matchMismatch.csv:ancestry,contig,start,end,par1_par2_diff,like_par1,like_par2
indivF10_CCACCA-matchMismatch.csv:homozygous_par1,A,15378,13891194,2341,2322,14
indivF10_CCACCA-matchMismatch.csv:homozygous_par1,B,30108,16059286,3342,3315,22
indivF10_CCACCA-matchMismatch.csv:homozygous_par1,B,24991650,30314442,883,871,11
indivF10_CCACCA-matchMismatch.csv:homozygous_par1,C,217212,12909987,2695,2673,20
indivF10_CCACCA-matchMismatch.csv:homozygous_par1,C,18346827,25570556,1559,1554,5
indivF10_CCACCA-matchMismatch.csv:homozygous_par1,D,224552,26720464,5517,5461,50
indivF10_CCACCA-matchMismatch.csv:homozygous_par1,E,2764,15280144,3045,3029,14
indivF10_CCACCA-matchMismatch.csv:homozygous_par1,F,4498,1894097,109,102,7
indivF11_TCGAGT-matchMismatch.csv:ancestry,contig,start,end,par1_par2_diff,like_par1,like_par2
indivF11_TCGAGT-matchMismatch.csv:homozygous_par1,A,4364,19223660,2352,2332,17
indivF11_TCGAGT-matchMismatch.csv:homozygous_par1,B,9280444,17509399,1162,1153,8
indivF11_TCGAGT-matchMismatch.csv:homozygous_par1,B,24112503,30005965,788,777,9
indivF11_TCGAGT-matchMismatch.csv:homozygous_par1,C,217212,25776892,3758,3727,28
indivF11_TCGAGT-matchMismatch.csv:homozygous_par1,D,283675,26701254,3752,3706,41
indivF11_TCGAGT-matchMismatch.csv:homozygous_par1,E,80520,39615315,5211,5156,51
indivF12_GGCCTG-matchMismatch.csv:ancestry,contig,start,end,par1_par2_diff,like_par1,like_par2
indivF12_GGCCTG-matchMismatch.csv:homozygous_par1,A,14929719,25460143,676,633,43
indivF12_GGCCTG-matchMismatch.csv:homozygous_par1,B,256545,3505714,194,189,5
indivF12_GGCCTG-matchMismatch.csv:homozygous_par1,B,10627417,17505708,447,415,32
indivF12_GGCCTG-matchMismatch.csv:homozygous_par1,B,18369741,30320776,769,721,48
indivF12_GGCCTG-matchMismatch.csv:homozygous_par1,C,232722,3759352,217,215,1
indivF12_GGCCTG-matchMismatch.csv:homozygous_par1,D,226634,15780341,997,962,34
indivF12_GGCCTG-matchMismatch.csv:homozygous_par1,D,19111932,22426892,214,208,6
indivF12_GGCCTG-matchMismatch.csv:homozygous_par1,E,72424,39605283,2445,2326,117
indivF12_GGCCTG-matchMismatch.csv:homozygous_par1,F,7147,1404297,32,27,5
indivG01_CAATAT-matchMismatch.csv:ancestry,contig,start,end,par1_par2_diff,like_par1,like_par2
indivG01_CAATAT-matchMismatch.csv:homozygous_par1,A,4654,12149783,1197,1170,26
indivG01_CAATAT-matchMismatch.csv:homozygous_par1,B,130180,15351033,1880,1853,24
indivG01_CAATAT-matchMismatch.csv:homozygous_par1,B,22267797,22480011,30,27,3
indivG01_CAATAT-matchMismatch.csv:homozygous_par1,C,175498,1402567,123,118,5
indivG01_CAATAT-matchMismatch.csv:homozygous_par1,C,7366365,22633008,2039,2016,23
indivG01_CAATAT-matchMismatch.csv:homozygous_par1,C,24364714,27162547,172,163,9
indivG01_CAATAT-matchMismatch.csv:homozygous_par1,D,14042730,26712397,1598,1567,29
indivG01_CAATAT-matchMismatch.csv:homozygous_par1,E,8364189,28504712,2630,2608,19
indivG01_CAATAT-matchMismatch.csv:homozygous_par1,F,4498,1921506,70,66,4
indivG04_GTCGAT-matchMismatch.csv:ancestry,contig,start,end,par1_par2_diff,like_par1,like_par2
indivG04_GTCGAT-matchMismatch.csv:homozygous_par1,A,4906873,31619247,2097,2073,24
indivG04_GTCGAT-matchMismatch.csv:homozygous_par1,B,123925,7587788,604,598,5
indivG04_GTCGAT-matchMismatch.csv:homozygous_par1,C,217212,4374805,319,316,3
indivG04_GTCGAT-matchMismatch.csv:homozygous_par1,C,13516367,19324785,583,575,8
indivG04_GTCGAT-matchMismatch.csv:homozygous_par1,C,20624125,21081489,62,47,15
indivG04_GTCGAT-matchMismatch.csv:homozygous_par1,C,22626732,24298427,155,154,1
indivG04_GTCGAT-matchMismatch.csv:homozygous_par1,D,310169,11213059,940,932,7
indivG04_GTCGAT-matchMismatch.csv:homozygous_par1,E,26699,27625833,2629,2607,20
indivG05_TAAGCA-matchMismatch.csv:ancestry,contig,start,end,par1_par2_diff,like_par1,like_par2
indivG05_TAAGCA-matchMismatch.csv:homozygous_par1,A,19271447,32382920,322,306,16
indivG05_TAAGCA-matchMismatch.csv:homozygous_par1,B,127877,25890257,851,846,5
indivG05_TAAGCA-matchMismatch.csv:homozygous_par1,C,281520,3629105,107,98,9
indivG05_TAAGCA-matchMismatch.csv:homozygous_par1,C,8301005,14801664,211,203,7
indivG05_TAAGCA-matchMismatch.csv:homozygous_par1,C,22779889,23964303,34,32,2
indivG05_TAAGCA-matchMismatch.csv:homozygous_par1,D,68661,26654796,834,814,20
indivG05_TAAGCA-matchMismatch.csv:homozygous_par1,E,37310,19728184,632,591,40
indivG07_GAATGG-matchMismatch.csv:ancestry,contig,start,end,par1_par2_diff,like_par1,like_par2
indivG07_GAATGG-matchMismatch.csv:homozygous_par1,A,16573492,32420608,7033,6917,107
indivG07_GAATGG-matchMismatch.csv:homozygous_par1,B,88931,8814048,4533,4482,43
indivG07_GAATGG-matchMismatch.csv:homozygous_par1,D,19528,26720464,14071,13862,197
indivG07_GAATGG-matchMismatch.csv:homozygous_par1,E,369,3209592,1381,1365,16
indivG07_GAATGG-matchMismatch.csv:homozygous_par1,F,198494,1921598,273,259,14
indivG10_GTTGCA-matchMismatch.csv:ancestry,contig,start,end,par1_par2_diff,like_par1,like_par2
indivG10_GTTGCA-matchMismatch.csv:homozygous_par1,A,19397,4086876,1366,1350,15
indivG10_GTTGCA-matchMismatch.csv:homozygous_par1,A,26374599,32059236,1237,1211,25
indivG10_GTTGCA-matchMismatch.csv:homozygous_par1,B,71427,2746582,896,883,12
indivG10_GTTGCA-matchMismatch.csv:homozygous_par1,B,18777804,26180412,3482,3468,13
indivG10_GTTGCA-matchMismatch.csv:homozygous_par1,C,5901140,22603299,7088,7031,42
indivG10_GTTGCA-matchMismatch.csv:homozygous_par1,C,24346892,27209075,537,503,32
indivG10_GTTGCA-matchMismatch.csv:homozygous_par1,D,8772075,26718340,7264,7191,66
indivG10_GTTGCA-matchMismatch.csv:homozygous_par1,E,369,2889657,869,856,12
indivG10_GTTGCA-matchMismatch.csv:homozygous_par1,E,33650368,35061018,46,39,7
indivH01_GATGAG-matchMismatch.csv:ancestry,contig,start,end,par1_par2_diff,like_par1,like_par2
indivH01_GATGAG-matchMismatch.csv:homozygous_par1,A,19750175,32018451,5719,5633,78
indivH01_GATGAG-matchMismatch.csv:homozygous_par1,B,71427,9395576,5375,5329,39
indivH01_GATGAG-matchMismatch.csv:homozygous_par1,C,8748890,22642466,8641,8576,48
indivH01_GATGAG-matchMismatch.csv:homozygous_par1,C,24343892,25816323,687,666,20
indivH01_GATGAG-matchMismatch.csv:homozygous_par1,D,9781325,24346837,8742,8660,68
indivH01_GATGAG-matchMismatch.csv:homozygous_par1,E,2073574,35170524,19387,19210,151
indivH01_GATGAG-matchMismatch.csv:homozygous_par1,E,35676262,39656288,1184,1130,51
indivH01_GATGAG-matchMismatch.csv:homozygous_par1,F,4498,1438244,286,280,6
indivH02_TCTATT-matchMismatch.csv:ancestry,contig,start,end,par1_par2_diff,like_par1,like_par2
indivH02_TCTATT-matchMismatch.csv:homozygous_par1,A,3379683,32382920,2009,1973,34
indivH02_TCTATT-matchMismatch.csv:homozygous_par1,B,127877,29461010,2430,2400,27
indivH02_TCTATT-matchMismatch.csv:homozygous_par1,C,178276,11353596,950,937,12
indivH02_TCTATT-matchMismatch.csv:homozygous_par1,C,18772292,25859418,581,571,5
indivH02_TCTATT-matchMismatch.csv:homozygous_par1,D,8656158,21656141,1081,1067,12
indivH02_TCTATT-matchMismatch.csv:homozygous_par1,D,23460558,26696460,240,230,10
indivH02_TCTATT-matchMismatch.csv:homozygous_par1,E,5799,39617281,2991,2936,51
indivH03_GGAATG-matchMismatch.csv:ancestry,contig,start,end,par1_par2_diff,like_par1,like_par2
indivH03_GGAATG-matchMismatch.csv:homozygous_par1,A,19397,12521958,1541,1520,17
indivH03_GGAATG-matchMismatch.csv:homozygous_par1,A,15715315,31347602,1980,1948,27
indivH03_GGAATG-matchMismatch.csv:homozygous_par1,B,19163971,30112687,1699,1675,21
indivH03_GGAATG-matchMismatch.csv:homozygous_par1,C,158424,2200231,245,241,3
indivH03_GGAATG-matchMismatch.csv:homozygous_par1,C,3796731,10852260,1031,1026,5
indivH03_GGAATG-matchMismatch.csv:homozygous_par1,C,23791966,25507250,232,221,10
indivH03_GGAATG-matchMismatch.csv:homozygous_par1,D,209194,640669,27,25,1
indivH03_GGAATG-matchMismatch.csv:homozygous_par1,D,24373403,26712397,246,238,7
indivH03_GGAATG-matchMismatch.csv:homozygous_par1,E,369,15329079,2232,2201,27
indivH03_GGAATG-matchMismatch.csv:homozygous_par1,F,711695,1894097,57,57,0
indivH04_GATCTG-matchMismatch.csv:ancestry,contig,start,end,par1_par2_diff,like_par1,like_par2
indivH04_GATCTG-matchMismatch.csv:homozygous_par1,A,51519,10545436,1082,1069,11
indivH04_GATCTG-matchMismatch.csv:homozygous_par1,B,19918429,30141472,1297,1284,10
indivH04_GATCTG-matchMismatch.csv:homozygous_par1,C,217212,25768880,3175,3153,19
indivH04_GATCTG-matchMismatch.csv:homozygous_par1,D,193857,22796253,2713,2692,16
indivH04_GATCTG-matchMismatch.csv:homozygous_par1,E,17676,1394133,130,129,1
indivH04_GATCTG-matchMismatch.csv:homozygous_par1,E,20903437,29804064,1253,1247,3
indivH04_GATCTG-matchMismatch.csv:homozygous_par1,F,7147,1859877,72,68,4
indivH05_GAATAC-matchMismatch.csv:ancestry,contig,start,end,par1_par2_diff,like_par1,like_par2
indivH05_GAATAC-matchMismatch.csv:homozygous_par1,B,9955808,29547785,1605,1594,10
indivH05_GAATAC-matchMismatch.csv:homozygous_par1,C,260785,6960797,522,516,4
indivH05_GAATAC-matchMismatch.csv:homozygous_par1,C,22623077,24376585,107,104,2
indivH05_GAATAC-matchMismatch.csv:homozygous_par1,D,68661,22091706,1697,1680,15
indivH05_GAATAC-matchMismatch.csv:homozygous_par1,E,1971389,39587444,2702,2663,36
indivH05_GAATAC-matchMismatch.csv:homozygous_par1,F,118936,1921598,40,38,2
indivH06_CTCTGG-matchMismatch.csv:ancestry,contig,start,end,par1_par2_diff,like_par1,like_par2
indivH06_CTCTGG-matchMismatch.csv:homozygous_par1,A,18881,13329663,931,912,18
indivH06_CTCTGG-matchMismatch.csv:homozygous_par1,B,14481369,20212755,475,470,4
indivH06_CTCTGG-matchMismatch.csv:homozygous_par1,C,178291,1468004,64,61,3
indivH06_CTCTGG-matchMismatch.csv:homozygous_par1,C,5835974,10386104,412,406,5
indivH06_CTCTGG-matchMismatch.csv:homozygous_par1,C,18774047,22675403,316,315,1
indivH06_CTCTGG-matchMismatch.csv:homozygous_par1,C,24352701,25860282,85,83,1
indivH06_CTCTGG-matchMismatch.csv:homozygous_par1,D,10036316,26708137,1375,1346,26
indivH06_CTCTGG-matchMismatch.csv:homozygous_par1,E,8126607,25608518,1529,1518,10
indivH07_TGTAAT-matchMismatch.csv:ancestry,contig,start,end,par1_par2_diff,like_par1,like_par2
indivH07_TGTAAT-matchMismatch.csv:homozygous_par1,A,23553,11578384,3613,3569,38
indivH07_TGTAAT-matchMismatch.csv:homozygous_par1,B,71427,21133721,8327,8263,52
indivH07_TGTAAT-matchMismatch.csv:homozygous_par1,D,16218152,16560932,75,75,0
indivH07_TGTAAT-matchMismatch.csv:homozygous_par1,D,18544183,26714762,3078,3035,39
indivH07_TGTAAT-matchMismatch.csv:homozygous_par1,E,30173045,33703839,1343,1333,8
indivH07_TGTAAT-matchMismatch.csv:homozygous_par1,E,35478780,39656646,843,803,36
indivH08_AAGCAG-matchMismatch.csv:ancestry,contig,start,end,par1_par2_diff,like_par1,like_par2
indivH08_AAGCAG-matchMismatch.csv:homozygous_par1,A,67239,20846499,1115,1101,12
indivH08_AAGCAG-matchMismatch.csv:homozygous_par1,B,79161,9789788,547,544,2
indivH08_AAGCAG-matchMismatch.csv:homozygous_par1,C,178276,10277014,607,604,3
indivH08_AAGCAG-matchMismatch.csv:homozygous_par1,C,22601974,24275805,126,125,1
indivH08_AAGCAG-matchMismatch.csv:homozygous_par1,D,8467662,16530308,481,479,1
indivH08_AAGCAG-matchMismatch.csv:homozygous_par1,D,24276029,26716095,109,108,1
indivH08_AAGCAG-matchMismatch.csv:homozygous_par1,E,4759183,33123563,1688,1676,9
indivH09_GGACCA-matchMismatch.csv:ancestry,contig,start,end,par1_par2_diff,like_par1,like_par2
indivH09_GGACCA-matchMismatch.csv:homozygous_par1,A,200641,2522367,78,77,1
indivH09_GGACCA-matchMismatch.csv:homozygous_par1,A,5786950,14984466,323,323,0
indivH09_GGACCA-matchMismatch.csv:homozygous_par1,A,25956514,32382958,159,143,16
indivH09_GGACCA-matchMismatch.csv:homozygous_par1,B,24405527,30307487,198,198,0
indivH09_GGACCA-matchMismatch.csv:homozygous_par1,C,178276,3607673,138,136,2
indivH09_GGACCA-matchMismatch.csv:homozygous_par1,C,22689715,24128423,49,49,0
indivH09_GGACCA-matchMismatch.csv:homozygous_par1,D,60663,5070966,183,180,2
indivH09_GGACCA-matchMismatch.csv:homozygous_par1,E,17676,39627125,1492,1465,25
indivH11_GGCCGT-matchMismatch.csv:ancestry,contig,start,end,par1_par2_diff,like_par1,like_par2
indivH11_GGCCGT-matchMismatch.csv:homozygous_par1,B,1557225,7398286,366,363,3
indivH11_GGCCGT-matchMismatch.csv:homozygous_par1,B,20339026,30354543,703,693,10
indivH11_GGCCGT-matchMismatch.csv:homozygous_par1,C,339035,14593042,1073,1063,9
indivH11_GGCCGT-matchMismatch.csv:homozygous_par1,C,22635390,24295211,124,123,1
indivH11_GGCCGT-matchMismatch.csv:homozygous_par1,D,409111,26608644,1842,1801,40
indivH11_GGCCGT-matchMismatch.csv:homozygous_par1,E,1701735,9774023,546,532,12
indivH11_GGCCGT-matchMismatch.csv:homozygous_par1,E,26373819,32613891,446,442,2
indivH11_GGCCGT-matchMismatch.csv:homozygous_par1,E,38744195,39619271,29,24,5
indivH11_GGCCGT-matchMismatch.csv:homozygous_par1,F,4498,1921399,53,49,4
indivH12_AATGGT-matchMismatch.csv:ancestry,contig,start,end,par1_par2_diff,like_par1,like_par2
indivH12_AATGGT-matchMismatch.csv:homozygous_par1,A,16594055,32382920,275,236,39
indivH12_AATGGT-matchMismatch.csv:homozygous_par1,B,127877,8809949,156,154,2
indivH12_AATGGT-matchMismatch.csv:homozygous_par1,D,19528,26531350,484,453,31
